variance,skewness,curtosis,entropy
3.6216,8.6661,-2.8073,-0.44699
4.5459,8.1674,2.4586,-1.4621
3.866,-2.6383,1.9242,0.10645
3.4566,9.5228,-4.0112,-3.5944
-1.3887,-4.8773,6.4774,0.34179
-3.7503,-13.4586,17.5932,-2.7771
-3.5637,-8.3827,12.393,-1.2823
-2.5419,-0.65804,2.6842,1.1952
1.162,10.2926,-1.2821,-4.0392
